WORD;POS;STRUCTURE
winter;noun;3
moon;noun;2
end;noun;1
gold;noun;1
wheel;noun;1
skate;verb;3
name;noun;1
page;noun;1
friday;noun;1
write;verb;1
skate;noun;3
account;noun;1
phrase;noun;1
invite;verb;1
direction;noun;1
great;adjective;1
supply;verb;1
indication;noun;1
soft;adjective;1
forced;adjective;1
ecg;noun;2
high;adjective;1
rice;noun;1
approving;adjective;1
unofficial;adjective;1
peahen;noun;3
wash;verb;2
undo;verb;1
adverb;noun;1
walkaway;noun;2
yellow;adjective;1
abbreviation;noun;1
attention;noun;1
gain;noun;1
shopkeeper;noun;2
monk;noun;3
offer;verb;1
admiral;noun;1
form;verb;1
reaction;noun;1
path;noun;5
die;verb;1
show;verb;1
temper;noun;1
ship;noun;1
college;noun;1
lava;noun;2
friend;noun;1
horse;noun;1
knickers;noun;3
vehicle;noun;1
friesian;noun;2
fence;noun;1
newspaper;noun;1
knit;verb;2
sandbox;noun;2
star;noun;1
formal;adjective;1
state;verb;1
store;verb;1
human;adjective;1
completely;adverb;1
obviously;adverb;1
punish;verb;1
lack;noun;1
hemp;noun;4
bush;noun;1
inner;adjective;1
disappointed;adjective;1
lie;verb;1
above;adjective;2
bright;adjective;1
bag;noun;1
mixture;noun;1
plate;noun;1
weekly;adjective;1
watchstrap;noun;6
oats;noun;1
meet;verb;1
thunder;noun;6
victory;noun;1
financial;adjective;1
furniture;noun;1
magazine;noun;1
world;noun;1
cover;verb;1
style;noun;1
dissatisfied;adjective;2
aeroplane;noun;1
military;adjective;1
substance;noun;1
charge;noun;1
position;noun;1
talk;noun;1
actually;adverb;1
love;noun;1
practice;verb;1
houseman;noun;3
suggestion;noun;1
difficult;adjective;1
ape;noun;4
watch;noun;5
courage;noun;1
chemistry;noun;1
food;noun;1
spout;verb;3
party;noun;1
outside;adjective;1
period;noun;1
monastery;noun;3
switch;noun;1
curve;noun;1
girl;noun;1
natural;adjective;1
sun;noun;1
tape;noun;1
groundhog;noun;7
planet;noun;1
pleasure;noun;1
worry;verb;1
hold;verb;1
height;noun;1
eat;verb;1
united;adjective;2
universe;noun;1
enter;verb;1
legally;adverb;1
pray;verb;1
normal;adjective;1
old;adjective;1
bull;noun;2
trip;noun;1
glass;noun;1
land;noun;1
allow;verb;1
pantyhose;noun;3
literature;noun;1
vest;noun;3
virus;noun;1
roll;noun;2
straight;adjective;1
blue;adjective;1
dance;noun;1
flag;noun;2
plan;noun;1
watch;verb;1
jump;verb;1
doorpost;noun;3
flame;noun;1
fit;adjective;2
back;noun;1
teach;verb;1
oxygen;noun;1
mexican;adjective;2
different;adjective;1
cattle;noun;2
detail;noun;1
tentacle;noun;2
consider;verb;1
separate;verb;1
hide;verb;1
correct;verb;1
average;noun;2
rain;noun;1
exercise;noun;1
specially;adverb;1
cloth;noun;1
plastic;noun;1
yin;noun;6
use;noun;1
fire;noun;1
contract;noun;2
home;noun;1
body;noun;1
leg;noun;1
unacceptable;adjective;1
operation;noun;1
close;adverb;1
chlorine;noun;1
lock;noun;1
injured;adjective;1
powder;noun;1
pack;verb;1
rang;noun;1
hit;verb;1
gas;noun;1
flutist;noun;5
replace;verb;1
sure;adjective;1
especially;adverb;1
chip;noun;1
teacher;noun;1
change;verb;1
hip;noun;2
u;noun;3
unsanitary;adjective;2
bathtub;noun;3
create;verb;1
pick;verb;1
celebrant;noun;1
flash;noun;2
meet;noun;1
question;noun;1
hope;verb;1
holstein;noun;2
skirt;verb;2
paraffin;noun;1
country;noun;1
budgerigar;noun;3
holidaymaker;noun;3
rule;verb;2
mandatory;adjective;2
burn;noun;1
bathroom;noun;5
tailbone;noun;4
turn;noun;1
talk;verb;1
shirt;noun;1
story;noun;1
chain;noun;1
belt;noun;1
backchat;noun;3
sex;noun;1
notice;verb;1
taxi;noun;3
prayer;noun;1
yang;noun;6
quiet;adjective;1
reasonable;adjective;1
complaint;noun;4
gasbag;noun;2
wound;noun;1
course;noun;1
time;noun;1
situation;noun;1
piece;noun;1
combine;verb;1
headstone;noun;3
number;noun;1
vacation;noun;2
compound;noun;1
birdie;noun;2
wall;noun;1
magnetic;adjective;1
color;adjective;1
chiropodist;noun;2
grill;noun;5
aubergine;noun;2
flow;noun;1
formally;adverb;0
start;verb;1
private;adjective;1
european;adjective;9
remember;verb;1
stalemate;noun;3
frightened;adjective;1
clean;verb;1
bite;noun;1
corner;noun;1
small;adjective;1
measurable;adjective;1
fast;adverb;1
raise;verb;3
courgette;noun;2
far;adverb;1
adult;adjective;1
fire;verb;1
breath;noun;1
hang;verb;3
sweat;noun;1
boot;noun;1
bosun;noun;2
shelter;noun;1
clear;adjective;1
author;noun;1
doctor;noun;2
alphabet;noun;1
feed;verb;1
action;noun;1
regard;verb;1
unconscious;adjective;1
plenty;noun;1
wrist;noun;3
boil;noun;2
soccer;noun;1
satisfy;verb;1
father;noun;1
sappy;adjective;3
forehead;noun;1
build;noun;1
build;verb;1
second;noun;2
mould;noun;2
nail;noun;1
blackberry;noun;3
tights;noun;3
criminal;noun;1
nappy;noun;4
pencil;noun;1
aim;verb;1
dislike;verb;1
pearl;noun;6
custom;noun;1
more;adverb;1
operate;verb;2
sleeve;noun;2
root;noun;1
hallway;noun;2
infection;noun;1
calm;noun;1
music;noun;1
coat;noun;1
lasting;adjective;1
mint;noun;8
half;noun;1
volcano;noun;2
lot;noun;1
copper;noun;3
metre;noun;3
quietly;adverb;2
disinvestment;noun;3
able;adjective;1
ceiling;noun;1
important;adjective;1
potato;noun;1
sweeten;verb;1
entrance;noun;1
space;noun;1
fat;noun;2
naked;adjective;2
shine;noun;1
state;noun;1
drop;noun;1
follow;verb;5
problem;noun;1
race;noun;1
stove;noun;3
genuine;adjective;1
how;adverb;1
birth;noun;1
pour;verb;1
return;noun;1
tail;noun;1
hill;noun;1
perhaps;adverb;1
heat;verb;2
garden;noun;3
expiry;noun;3
gunk;noun;2
teleprinter;noun;5
screen;noun;1
sexual;adjective;1
several;adjective;1
boatswain;noun;2
job;noun;1
total;adjective;1
approval;noun;1
paint;verb;1
usual;adjective;1
language;noun;1
fast;adjective;1
eleven;noun;1
begin;verb;1
clearly;adverb;1
ashamed;adjective;1
trust;noun;1
spirit;noun;1
male;noun;1
would;verb;1
quality;noun;1
fat;adjective;1
deal;noun;1
stick;noun;1
pretend;adjective;1
tall;adjective;1
quarrel;verb;1
manage;verb;1
walker;noun;2
unkind;adjective;1
exchange;verb;1
steam;noun;1
candy;noun;6
square;noun;2
ready;adjective;1
care;noun;1
disc;noun;1
statement;noun;1
voice;noun;1
restaurant;noun;2
special;adjective;1
box;noun;1
full;adjective;1
peppermint;noun;8
design;noun;1
sometime;adverb;1
monday;noun;1
much;adverb;1
colourless;adjective;1
fall;verb;1
pair;noun;2
fish;noun;1
dangerous;adjective;1
conceit;noun;2
orange;noun;1
sympathetic;adjective;1
needle;noun;1
smooth;adjective;1
close;adjective;1
lend;verb;1
provide;verb;1
europe;noun;8
nosebag;noun;2
stomach;noun;1
advertisement;noun;1
trust;verb;1
molasses;noun;3
artificial;adjective;1
lynx;noun;7
equipment;noun;1
deserve;verb;1
cheque;noun;3
intend;verb;1
door;noun;1
long;adverb;1
oven;noun;2
cilantro;noun;3
battle;noun;1
animal;noun;1
intern;noun;3
threaten;verb;1
recently;adverb;1
open;verb;1
queen;noun;1
photograph;noun;1
tobacco;noun;3
devil;noun;2
always;adverb;1
oarlock;noun;4
unhealthy;adjective;1
veterinarian;noun;2
diaeresis;noun;3
sculpture;noun;2
useless;adjective;2
push;verb;1
participle;noun;1
complain;verb;3
fur;noun;1
row;noun;1
superlative;noun;1
table;noun;1
business;noun;1
roman;adjective;1
slowpoke;noun;2
warm;adjective;1
prevent;verb;1
explanation;noun;1
transistor;noun;1
tin;noun;1
quiet;noun;1
pull;verb;1
law;noun;1
wing;noun;1
curtain;noun;1
clock;noun;1
buttock;noun;1
spend;verb;1
draw;noun;1
stream;noun;2
figure;noun;1
immoral;adjective;1
windshield;noun;2
roof;noun;1
reptile;noun;2
judge;verb;1
fillet;noun;2
chicken;noun;2
concern;verb;1
funny;adjective;1
religion;noun;1
very;adjective;2
advance;adjective;1
flyover;noun;3
watchband;noun;6
describe;verb;1
ring;noun;1
in;adverb;2
strength;noun;1
celsius;noun;3
trick;noun;1
disappear;verb;1
adjective;noun;1
also;adverb;1
apart;adverb;2
vine;noun;1
chocolate;noun;5
fact;noun;1
please;verb;1
milk;noun;1
map;noun;2
farmer;noun;1
stiff;noun;1
november;noun;4
past;adjective;1
even;adverb;1
zipper;noun;4
teeth;noun;1
shape;noun;1
examination;noun;1
necessary;adjective;1
relative;noun;1
clean;noun;2
discuss;verb;1
beginning;noun;1
plane;noun;1
fungus;noun;3
rarely;adverb;2
swallow;verb;1
handle;verb;1
pipe;noun;1
violence;noun;1
divide;verb;1
movement;noun;1
cat;noun;1
usually;adverb;1
walkover;noun;2
sell;verb;1
god;noun;1
nasty;adjective;1
can;noun;1
movable;adjective;1
telex;noun;4
bishop;noun;1
offensive;adjective;1
current;adjective;1
additional;adjective;1
shelves;noun;3
represent;verb;1
before;adverb;1
compete;verb;1
worn;adjective;1
lie;noun;1
print;verb;1
note;noun;1
proud;adjective;1
similar;adjective;1
skirt;noun;4
waste;noun;3
doubt;noun;1
insect;noun;1
passage;noun;1
silver;noun;1
aim;noun;1
boiling;adjective;1
sufferance;noun;1
sort;noun;1
property;noun;1
dirty;adjective;1
unable;adjective;1
completion;noun;1
can;verb;1
deceive;verb;1
brass;noun;4
away;adverb;1
easily;adverb;1
hall;noun;2
cost;verb;1
branch;noun;1
effort;noun;1
across;adverb;1
liquid;adjective;1
meat;noun;1
outwards;adverb;1
believe;verb;1
alcoholic;adjective;1
alike;adverb;1
cloakroom;noun;2
hop;verb;1
snake;noun;1
stevedore;noun;4
top;noun;1
straight;adverb;1
then;adverb;1
purpose;noun;1
force;noun;1
leader;noun;1
spring;noun;3
cock;noun;3
lay;verb;1
dirt;noun;1
attitude;noun;1
picture;noun;1
specific;adjective;1
belief;noun;1
addition;noun;1
convent;noun;2
continuance;noun;1
romantic;adjective;2
dry;adjective;1
wednesday;noun;1
ill;noun;1
hold;noun;1
chinese;adjective;5
bring;verb;2
zucchini;noun;2
happy;adjective;1
real;adjective;1
school;noun;1
nun;noun;2
drunk;adjective;1
fixed;adjective;1
ice;noun;2
plaintiff;noun;5
prize;noun;1
read;verb;1
sweet;noun;7
very;adverb;1
spout;noun;2
run;noun;4
decision;noun;1
side;noun;1
large;adjective;1
autumn;noun;3
hopeful;adjective;2
september;noun;4
silkworm;noun;1
help;noun;1
surprised;adjective;1
sting;verb;3
airmail;noun;2
most;adverb;1
immediately;adverb;1
bottle;noun;1
healthy;adjective;1
as;adverb;1
cruel;adjective;1
extremely;adverb;1
tuesday;noun;1
boxer;noun;2
mediterranean;adjective;8
criticize;verb;1
sound;noun;1
weapon;noun;1
right;noun;1
tense;adjective;1
exchange;noun;1
slam;verb;2
twist;verb;1
medicine;noun;1
wire;noun;2
elementary;adjective;1
rowlock;noun;4
back;adjective;1
roll;verb;2
expiration;noun;3
smell;verb;1
narrow;adjective;1
really;adverb;1
bend;noun;1
truck;noun;2
lettuce;noun;3
broadcast;verb;1
royal;noun;1
wind;noun;1
verbal;adjective;1
person;noun;1
edge;noun;1
jug;noun;4
opposite;adjective;1
process;noun;1
speed;noun;1
holy;adjective;1
warm;verb;1
resemblance;noun;2
govern;verb;1
embarrassed;adjective;1
badminton;noun;5
week;noun;1
event;noun;1
tell;verb;1
still;adverb;1
catholic;adjective;1
gun;noun;1
once;adverb;1
find;verb;1
mean;noun;1
luck;noun;2
spot;noun;1
disapproval;noun;1
sit;verb;1
pressure;noun;1
house;verb;2
exactly;adverb;1
mathematics;noun;3
conceitedness;noun;2
thin;adjective;1
gather;verb;1
consist;verb;1
barley;noun;1
skill;noun;1
shellfish;noun;5
illegal;adjective;1
supply;noun;1
store;noun;1
banana;noun;1
sign;verb;3
upper;adjective;1
order;noun;1
steep;adjective;1
face;noun;1
base;verb;1
blame;verb;1
navy;noun;1
request;noun;2
judgment;noun;1
plant;noun;1
must;verb;1
kind;noun;1
middle;noun;1
wait;verb;1
use;verb;1
turn;verb;1
new;adjective;1
cry;verb;1
destroy;verb;1
so;adverb;1
conscious;adjective;1
treatment;noun;1
disappoint;verb;1
motor;noun;1
talmud;noun;1
carry;verb;1
exist;verb;1
certain;adjective;1
sticky;adjective;1
bookstore;noun;2
stretch;verb;1
steady;adjective;1
stick;verb;1
tube;noun;1
fortunate;adjective;3
rooster;noun;3
bomb;noun;1
mum;noun;2
people;noun;1
weigh;verb;2
frame;noun;1
disease;noun;1
christian;noun;1
parenthesis;noun;3
relation;noun;1
included;adjective;2
round;adjective;1
fin;noun;1
ask;verb;1
cot;noun;3
wrap;verb;1
poisonous;adjective;1
bellboy;noun;3
tense;noun;1
pretend;verb;1
education;noun;1
willful;adjective;1
pain;noun;1
draw;verb;1
train;verb;1
eye;noun;1
odometer;noun;5
egg;noun;1
infectious;adjective;1
achieve;verb;1
storm;noun;6
science;noun;1
avoid;verb;1
sacred;adjective;1
blood;noun;1
essential;adjective;1
pronounce;verb;2
order;verb;2
thank;verb;1
tear;noun;1
worried;adjective;1
lock;verb;1
moment;noun;1
combination;noun;1
backpack;noun;3
violent;adjective;3
rat;noun;1
computation;noun;1
investment;noun;1
sure;adverb;1
clay;noun;1
coffee;noun;1
response;noun;1
enjoyable;adjective;1
measure;noun;1
coatroom;noun;2
fly;noun;1
increase;verb;1
block;noun;1
blow;verb;3
move;verb;1
hurt;verb;1
last;verb;1
point;noun;1
asian;adjective;2
peewit;noun;10
right;adverb;1
touch;verb;1
share;noun;2
wick;noun;3
accord;verb;1
indoors;adverb;1
keen;adjective;1
lockjaw;noun;3
smell;noun;1
electrocardiograph;noun;2
december;noun;4
satisfied;adjective;1
walk;verb;1
whole;adjective;1
lesson;noun;1
publish;verb;1
bar;noun;2
drink;noun;1
basin;noun;5
advertise;verb;1
stop;noun;1
particle;noun;1
finish;verb;1
permanent;adjective;1
algebra;noun;3
shut;verb;1
pedal;noun;1
dust;noun;1
evil;adjective;1
interested;adjective;1
front;adjective;1
suddenly;adverb;1
testament;noun;1
package;noun;1
machinations;noun;1
polite;adjective;1
society;noun;1
why;adverb;1
succeed;verb;1
compare;verb;1
arithmetic;noun;2
mouse;noun;1
ride;verb;1
brave;verb;1
beer;noun;1
let;verb;1
form;noun;1
message;noun;1
need;verb;1
nylon;noun;1
control;noun;1
level;noun;1
record;verb;1
tap;noun;2
pale;adjective;1
lease;noun;4
admire;verb;1
later;adjective;1
mail;noun;1
grape;noun;1
bit;noun;1
modern;adjective;1
promise;noun;1
opinion;noun;1
sweater;noun;4
product;noun;1
often;adverb;1
news;noun;1
silly;noun;1
learn;verb;1
meal;noun;1
keep;verb;1
travel;verb;1
mind;noun;1
sky;noun;1
checkout;noun;3
tombstone;noun;3
series;noun;1
river;noun;1
realize;verb;1
st;noun;2
agreement;noun;1
rappel;verb;4
praise;verb;1
totally;adverb;1
crop;noun;1
emotion;noun;1
reach;verb;1
fine;adverb;2
malt;noun;1
thing;noun;1
center;noun;1
guilty;adjective;1
button;noun;1
heavy;adjective;1
book;noun;1
janitor;noun;2
hiphuggers;noun;4
directly;adverb;1
right;adjective;1
zip;noun;4
bad;adjective;1
bumper;noun;3
treat;verb;1
brain;noun;1
shoot;verb;1
bury;verb;2
borrow;verb;1
oppose;verb;1
network;noun;2
standard;noun;1
freeze;verb;2
proton;noun;1
song;noun;1
desk;noun;1
comfortable;adjective;1
plexiglass;noun;2
think;noun;1
religious;adjective;1
necklace;noun;1
accident;noun;1
bed;noun;1
muslim;noun;1
cream;noun;1
film;noun;1
parcel;noun;1
sidewalk;noun;6
imagination;noun;1
smile;noun;1
explode;verb;1
disagreement;noun;1
defeat;verb;1
harm;noun;1
give;verb;1
careful;adjective;1
racket;noun;2
continual;adjective;1
whisky;noun;1
respect;noun;1
bad;noun;1
foot;noun;1
list;noun;1
probably;adverb;1
electron;noun;1
energy;noun;1
house;noun;1
supermarket;noun;2
insulting;adjective;1
shop;noun;1
round;verb;1
crush;verb;1
solution;noun;1
acid;noun;1
mailman;noun;3
cinema;noun;1
rapids;noun;2
control;verb;1
organize;verb;1
nucleus;noun;1
down;adverb;1
shiny;adjective;1
lamp;noun;1
aged;adjective;1
structuralism;noun;1
glove;noun;1
satan;noun;2
contain;verb;1
choice;noun;1
unit;noun;1
mile;noun;4
wear;noun;1
sleep;verb;1
simple;adjective;1
shinny;verb;2
indian;adjective;2
same;adjective;1
sheep;noun;1
continue;verb;1
cover;noun;1
city;noun;1
bee;noun;4
existence;noun;2
october;noun;4
west;adjective;9
uncomfortable;adjective;1
burst;noun;1
honesty;noun;1
thread;noun;1
gobstopper;noun;2
torch;noun;2
singe;noun;1
separable;adjective;1
unborn;adjective;2
housewife;noun;3
popular;adjective;1
hand;noun;1
go;verb;1
whole;noun;1
carriage;noun;1
multiply;verb;1
influence;verb;1
think;verb;1
excitement;noun;1
send;verb;1
satellite;noun;3
line;noun;1
perform;verb;1
rough;adjective;1
depend;verb;1
produce;noun;1
knives;noun;1
almost;adverb;1
respect;verb;1
wide;adjective;1
definite;adjective;1
channel;noun;1
weave;verb;1
spider;noun;3
traffic;noun;1
flesh;noun;1
support;noun;1
tennis;noun;4
undershirt;noun;3
hair;noun;1
cure;verb;1
moth;noun;1
tribe;noun;3
fleshy;adjective;1
gunge;noun;2
paper;noun;1
live;verb;1
start;noun;1
valve;noun;1
intent;noun;1
travel;noun;1
share;verb;1
left;adjective;1
harmful;adjective;1
developer;noun;1
children;noun;1
corn;noun;1
salt;noun;1
good;adverb;1
bible;noun;1
shorten;verb;2
solid;adjective;1
transparent;adjective;1
greatly;adverb;1
leave;verb;1
demand;noun;2
profession;noun;1
oatmeal;noun;5
arrange;verb;1
kill;verb;1
untidy;adjective;4
gate;noun;1
flagpole;noun;4
polyethylene;noun;2
married;adjective;2
asleep;adjective;1
unfasten;verb;1
develop;verb;1
come;verb;1
windows;noun;1
postman;noun;3
creature;noun;1
pleasant;adjective;1
bone;noun;1
scene;noun;1
messy;adjective;4
honey;noun;4
cut;verb;1
influenza;noun;3
press;verb;1
various;adjective;1
sensitive;adjective;1
poison;noun;1
fail;verb;1
gray;adjective;1
best;adjective;1
month;noun;1
cannabis;noun;4
grip;noun;1
bartender;noun;3
remove;verb;1
definitely;adverb;1
sting;noun;2
daily;adjective;1
equation;noun;4
prenatal;adjective;4
good;adjective;1
hope;noun;1
opponent;noun;1
decay;verb;1
include;verb;1
skin;noun;1
spoil;verb;1
feel;verb;1
aware;adjective;1
surface;noun;1
envelope;noun;1
cook;verb;1
cloud;noun;1
class;noun;1
rent;noun;2
behave;verb;1
all;adverb;1
result;noun;1
ill;adverb;1
red;adjective;1
do;verb;1
persuade;verb;1
shell;noun;1
oar;noun;2
just;adverb;1
football;noun;1
beat;noun;1
subject;noun;1
test;noun;1
informant;noun;1
march;noun;4
current;noun;2
petroleum;noun;1
obey;verb;1
urgent;adjective;1
arm;noun;1
carrycot;noun;2
mark;noun;1
board;noun;2
man;noun;1
alive;adjective;1
occasion;noun;1
homemaker;noun;3
pool;noun;1
unlock;verb;1
rabbi;noun;1
geometry;noun;3
cross;verb;1
company;noun;1
grateful;adjective;1
naturally;adverb;1
joke;noun;1
warmth;noun;1
diaper;noun;4
dress;noun;1
prove;verb;1
denim;noun;4
chimpanzee;noun;3
limestone;noun;2
mishmash;noun;3
musician;noun;1
goal;noun;1
lobotomy;noun;4
court;noun;2
diamond;noun;1
goat;noun;1
eggplant;noun;2
hop;noun;1
chin;noun;1
sign;noun;1
peaceful;adjective;1
lizard;noun;2
save;verb;1
eager;adjective;1
left;noun;1
polythene;noun;2
crime;noun;1
chemical;noun;1
bend;verb;1
fairy;noun;1
steal;verb;1
condition;noun;1
west;noun;9
jew;noun;1
verb;noun;1
leave;noun;1
load;noun;1
own;verb;1
item;noun;1
original;adjective;1
delay;verb;1
jewellery;noun;1
docker;noun;4
punishing;noun;1
secret;noun;1
surprise;verb;1
management;noun;1
mistake;noun;1
machinery;noun;1
summer;noun;3
argument;noun;1
salty;adjective;1
service;noun;1
responsible;adjective;1
check;noun;1
filet;verb;2
park;noun;2
natural;noun;1
regularly;adverb;1
sense;noun;1
airplane;noun;1
tenth;noun;2
rid;adjective;3
pointed;adjective;1
physical;adjective;1
bicycle;noun;1
sound;verb;1
worry;noun;1
mud;noun;1
western;adjective;9
burnt;adjective;1
smooth;verb;2
nudist;noun;2
letter;noun;1
duty;noun;1
mist;noun;1
easy;adjective;1
whitewater;noun;2
enjoy;verb;1
chew;verb;1
electric;adjective;1
permission;noun;1
backtalk;noun;3
deep;adjective;1
border;noun;1
reason;noun;1
budgie;noun;3
recent;adjective;1
happen;verb;1
sweet;adjective;1
china;noun;4
fuel;noun;1
attractive;adjective;1
unnecessary;adjective;1
arrive;verb;1
jealous;adjective;1
tetanus;noun;3
damage;noun;1
mine;noun;1
antenatal;adjective;4
regular;adjective;1
negative;adjective;1
part;noun;1
no;adverb;1
future;noun;1
social;adjective;1
liver;noun;3
backwards;adverb;2
lake;noun;1
trunk;noun;1
head;noun;1
already;adverb;1
apple;noun;1
connect;verb;1
broken;adjective;1
round;noun;1
hot;adjective;1
congress;noun;3
boat;noun;1
anger;noun;1
competition;noun;1
tomato;noun;2
drive;verb;1
walk;noun;1
written;adjective;1
fine;adjective;1
jewel;noun;1
mean;verb;1
inside;noun;1
breathe;verb;1
direct;adjective;1
wrongly;adverb;1
angry;adjective;1
doorway;noun;2
heart;noun;1
study;noun;1
comparable;adjective;1
cold;adjective;1
command;verb;1
shin;verb;2
sunday;noun;1
knowledge;noun;1
repair;verb;1
leucotomy;noun;4
islam;noun;1
direct;verb;1
cotton;noun;1
rude;adjective;1
discussion;noun;1
not;adverb;1
player;noun;1
complainant;noun;5
effective;adjective;1
preposition;noun;1
anxious;adjective;1
injure;verb;2
cathedral;noun;1
mouth;noun;1
enjoyment;noun;1
imaginary;adjective;1
dish;noun;1
white;adjective;1
bike;noun;1
sheet;noun;1
rucksack;noun;3
alone;adverb;1
band;noun;1
stalk;noun;1
broiler;noun;5
flagstaff;noun;4
green;adjective;1
loyalty;noun;1
surround;verb;1
kitchen;noun;2
experience;verb;1
attack;noun;1
sick;adjective;1
fender;noun;3
tent;noun;1
sudden;adjective;2
sing;verb;1
care;verb;1
overpass;noun;3
better;adjective;1
damage;verb;1
camera;noun;1
august;adjective;3
lives;noun;1
achievement;noun;1
wife;noun;1
possess;verb;1
april;noun;4
north;noun;5
compatriot;noun;2
otherness;noun;1
type;noun;1
lorry;noun;2
relationship;noun;1
koran;noun;1
particular;adjective;1
confident;adjective;1
trouble;noun;1
feel;noun;1
portacrib;noun;2
crushing;adjective;3
hiker;noun;2
exact;adjective;1
smoke;verb;1
animal;adjective;1
mileometer;noun;5
instrument;noun;1
produce;verb;1
work;noun;1
child;noun;1
fight;verb;1
later;adverb;1
embarrass;verb;1
flat;adjective;1
sentence;noun;1
else;adverb;1
progress;noun;1
lip;noun;2
lightning;noun;6
physically;adverb;1
cost;noun;1
toy;noun;1
cause;noun;1
buy;verb;1
pocket;noun;4
place;verb;1
envious;adjective;1
may;verb;1
divestment;noun;3
gradually;adverb;1
practicable;adjective;1
gravestone;noun;3
east;adjective;2
protect;verb;1
cabbage;noun;1
tidbit;noun;2
peafowl;noun;3
legal;adjective;3
track;noun;4
take;verb;1
area;noun;1
conversation;noun;1
south;adjective;6
engine;noun;1
equal;adjective;1
when;adverb;1
ground;noun;1
stop;verb;1
know;verb;1
slowcoach;noun;2
lunch;noun;1
remain;verb;1
digest;verb;1
intelligence;noun;1
molecule;noun;1
grass;noun;1
comparative;noun;1
toe;noun;2
advantage;noun;1
emphasize;verb;1
stock;noun;2
ill;adjective;1
personable;adjective;1
worse;adjective;1
learned;noun;1
wheel;verb;1
gasoline;noun;1
cucumber;noun;2
weather;noun;2
understand;verb;1
dark;adjective;1
speech;noun;1
look;verb;1
bribe;verb;1
swim;verb;1
future;adjective;1
field;noun;1
american;adjective;1
noise;noun;1
storekeeper;noun;2
furry;adjective;1
should;verb;1
paddle;verb;1
hammer;noun;1
typical;adjective;1
butterfly;noun;1
cupboard;noun;3
excite;verb;1
farm;noun;1
slam;noun;2
black;adjective;1
mix;verb;1
metric;adjective;2
armed;adjective;1
heat;noun;1
solve;verb;1
shout;noun;1
correct;adjective;1
shareholder;noun;3
faucet;noun;2
young;adjective;1
light;adjective;1
past;noun;1
windbag;noun;2
post;verb;1
beautiful;adjective;1
big;adjective;1
corridor;noun;1
ordinary;adjective;1
muscle;noun;2
woman;noun;1
office;noun;1
complete;adjective;1
wrong;adjective;1
have;verb;1
nearly;adverb;1
trousers;noun;3
again;adverb;1
inactive;adjective;2
determinant;noun;1
panties;noun;3
influence;noun;1
repeatedly;adverb;1
desert;noun;1
could;verb;1
power;adjective;1
ancient;adjective;1
taste;noun;1
bite;verb;1
out;adverb;1
wilful;adjective;1
equally;adverb;1
limit;verb;1
obligatory;adjective;2
thought;noun;1
parent;noun;1
nice;adjective;1
season;noun;3
join;verb;1
sand;noun;1
place;noun;1
stage;noun;1
pie;noun;5
noun;noun;1
morally;adverb;1
welterweight;noun;4
liquid;noun;1
waist;noun;1
poem;noun;1
container;noun;1
kick;verb;1
marriage;noun;1
shoe;noun;1
extreme;adjective;1
nervous;adjective;1
gerund;noun;1
busy;adjective;1
surprise;noun;1
string;noun;1
net;noun;3
enough;adverb;1
medical;adjective;1
stiff;adjective;1
leaf;noun;1
art;noun;2
town;noun;1
coriander;noun;3
southern;adjective;7
connected;adjective;1
profit;noun;1
juice;noun;1
caravan;noun;3
size;noun;1
team;noun;1
outside;noun;1
electricity;noun;1
try;verb;1
warn;verb;1
vacationer;noun;3
chief;noun;3
confuse;verb;1
drug;noun;1
inject;verb;1
lift;verb;1
farm;verb;1
reddish;adjective;2
method;noun;1
petrol;noun;1
game;noun;1
seem;verb;1
ruler;noun;1
butter;noun;1
sodium;noun;1
command;noun;1
behavior;noun;1
breakfast;noun;1
carefully;adverb;1
sale;noun;1
cheerful;adjective;1
unlike;adjective;1
tooth;noun;1
print;noun;1
ant;noun;1
pastry;noun;5
key;noun;1
practical;noun;1
slightly;adverb;1
recognize;verb;1
fair;noun;1
compound;adjective;1
related;adjective;1
afraid;adjective;1
element;noun;1
valuable;adjective;1
bluish;adjective;2
raw;adjective;1
deliberately;adverb;1
after;adverb;1
ear;noun;1
dieresis;noun;3
ball;noun;1
effect;noun;1
impossible;adjective;1
become;verb;1
naturist;noun;2
bake;verb;3
railroad;noun;1
danger;noun;1
mice;noun;1
headlight;noun;1
fix;verb;1
spine;noun;3
floor;noun;1
slope;noun;1
mention;verb;1
iron;noun;1
fly;verb;1
vegetable;noun;1
deadlock;noun;3
pedlar;noun;2
flashlight;noun;2
philosophy;noun;3
hotchpotch;noun;3
fault;noun;1
wood;noun;1
draught;noun;3
mom;noun;2
laugh;noun;1
pleased;adjective;1
example;noun;1
limit;noun;1
miniskirt;noun;5
say;verb;1
idea;noun;1
opposed;adjective;1
transient;adjective;2
uncertain;adjective;1
television;noun;1
driver;noun;2
pitcher;noun;4
push;noun;1
tendency;noun;1
steel;noun;1
poetry;noun;1
wax;noun;3
unhappy;adjective;1
obtain;verb;1
active;noun;1
want;verb;1
rule;noun;1
unclear;adjective;1
possibly;adverb;1
break;verb;1
settle;verb;2
shaped;adjective;1
hat;noun;1
bore;verb;1
english;adjective;1
collar;noun;1
study;verb;1
smoke;noun;1
village;noun;1
frighten;verb;1
badly;adverb;1
pillar;noun;1
shine;verb;1
character;noun;1
furthest;adjective;1
untrue;adjective;1
brights;noun;1
middle;adjective;1
central;adjective;1
amount;noun;1
collect;noun;1
affect;verb;1
positive;adjective;1
improve;verb;1
count;verb;1
scale;noun;2
like;verb;1
earn;verb;1
satisfactory;adjective;1
bus;noun;1
unimportant;adjective;1
miner;noun;1
sandpit;noun;2
ceremonial;noun;1
together;adverb;1
musical;adjective;1
offend;verb;1
only;adverb;1
carrot;noun;1
sad;adjective;1
yeast;noun;1
react;verb;1
night;noun;1
bottom;noun;1
shop;verb;1
shout;verb;1
serve;verb;1
porridge;noun;5
collect;verb;1
south;noun;5
report;noun;1
smile;verb;1
program;noun;1
firm;adjective;1
entertain;verb;1
fit;verb;1
cigarette;noun;3
gorilla;noun;4
suffer;verb;1
common;adjective;1
word;noun;1
win;verb;1
hang;noun;1
possibility;noun;1
oyster;noun;6
chalk;noun;2
unload;verb;2
face;verb;1
pole;noun;1
tidy;adjective;2
middleweight;noun;4
good;noun;1
lose;verb;1
candle;noun;3
monkey;noun;2
impure;adjective;1
around;adverb;1
singular;adjective;1
vowel;noun;1
outdoor;adjective;1
will;verb;1
lawn;noun;3
express;noun;1
description;noun;1
thumb;noun;1
camp;verb;1
wallpaper;noun;2
choose;verb;1
hard;adverb;1
tax;noun;1
eats;noun;1
standard;adjective;1
bramble;noun;3
there;adverb;1
case;noun;1
sport;noun;1
stem;verb;1
rub;verb;1
citizen;noun;1
outer;adjective;1
fill;verb;1
coin;noun;1
appear;verb;1
listen;verb;1
intelligent;adjective;1
finger;noun;1
present;adjective;1
church;noun;1
greenish;adjective;1
chair;noun;1
possible;adjective;1
safe;adjective;1
battery;noun;1
rise;verb;1
cup;noun;1
superlative;adjective;1
take;noun;1
boil;verb;1
dead;adjective;1
appearance;noun;1
journey;noun;1
act;verb;1
threatening;adjective;1
back;adverb;1
hotel;noun;2
delay;noun;1
general;adjective;1
crib;noun;3
make;verb;1
layer;noun;1
respectable;adjective;1
measure;verb;1
dog;noun;1
will;noun;1
distance;noun;1
wet;adjective;1
sugar;noun;1
well;adverb;1
pet;noun;1
accept;verb;1
finish;noun;1
women;noun;2
bellhop;noun;3
loom;verb;1
peddler;noun;2
rich;adjective;1
wild;adjective;2
answer;noun;1
stem;noun;1
unpleasant;adjective;1
road;noun;1
pushchair;noun;3
passenger;noun;1
knife;noun;1
ocean;noun;1
post;noun;1
abseil;verb;4
ability;noun;1
soap;noun;2
magic;adjective;1
mini;noun;5
wool;noun;1
grave;noun;2
somewhere;adverb;1
franc;noun;1
checker;noun;4
excellent;adjective;1
open;adjective;1
strawberry;noun;1
attempt;noun;1
act;noun;1
move;noun;1
wooden;adjective;1
chest;noun;1
degree;noun;1
car;noun;1
where;adverb;1
silver;adjective;1
call;noun;1
cricket;noun;1
call;verb;1
front;noun;1
feedbag;noun;2
tyre;noun;1
require;verb;1
politically;adverb;1
minute;noun;1
coal;noun;1
graphite;noun;1
cake;noun;4
male;adjective;1
afterwards;adverb;1
distant;adjective;1
bobcat;noun;7
grow;verb;1
woollens;noun;3
better;adverb;1
preserve;verb;1
english;noun;1
express;verb;1
wish;noun;1
stand;verb;1
along;adverb;2
representative;noun;3
dishonest;adjective;1
fairly;adverb;1
properly;adverb;1
jumper;noun;4
calm;adjective;1
marry;verb;1
rest;noun;1
color;noun;1
sink;noun;3
circle;noun;1
windscreen;noun;2
remind;verb;1
officially;adverb;0
injury;noun;1
cobweb;noun;4
titbit;noun;2
fight;noun;1
barman;noun;3
thanks;noun;1
examine;verb;1
carbon;noun;1
see;verb;1
ink;noun;1
facecloth;noun;3
look;noun;1
death;noun;1
underwear;noun;2
dealt;verb;1
lucky;adjective;3
army;noun;1
system;noun;1
climb;verb;1
railway;noun;1
truth;noun;1
family;noun;1
dais;noun;1
pot;noun;1
spiderweb;noun;4
member;noun;1
pass;verb;1
teaching;noun;1
joint;noun;2
styrofoam;noun;2
rain;verb;1
flour;noun;4
cooked;adjective;2
amuse;verb;1
throw;verb;2
hour;noun;1
flow;verb;1
return;verb;1
silk;noun;1
british;adjective;1
honest;adjective;1
peacock;noun;2
compulsory;adjective;2
water;noun;1
deliver;verb;1
spiritual;adjective;1
higher;adjective;1
jeans;noun;4
polystyrene;noun;2
true;adjective;1
weak;adjective;1
spread;verb;1
polish;noun;2
ought;verb;1
found;verb;1
harm;verb;1
establish;verb;1
vet;noun;2
february;noun;4
kerosene;noun;1
feathered;adjective;2
lead;verb;1
street;noun;1
end;verb;1
tradition;noun;1
you;noun;1
load;verb;1
bridge;noun;2
train;noun;1
shelf;noun;3
soul;noun;1
tool;noun;1
empty;adjective;1
price;noun;1
brown;adjective;1
female;adjective;1
baby;noun;1
soldier;noun;1
strong;adjective;1
magic;noun;1
cause;verb;1
cook;noun;1
husband;noun;1
confidant;noun;2
station;noun;1
paint;noun;1
mixed;adjective;1
competitor;noun;1
pay;verb;1
little;adjective;1
moral;adjective;1
incorrect;adjective;1
tea;noun;1
article;noun;1
earth;noun;1
weight;noun;1
value;noun;1
coccyx;noun;4
corporal;noun;1
hots;noun;1
worship;noun;1
guess;verb;1
explain;verb;1
s;noun;1
stinger;noun;2
reply;noun;2
saturday;noun;1
upright;noun;1
used;adjective;1
transitory;adjective;2
upset;adjective;1
hard;adjective;1
halfway;adverb;1
stay;verb;1
grain;noun;1
thursday;noun;1
tropical;adjective;1
checkerboard;noun;5
neck;noun;1
one;noun;1
whitish;adjective;1
name;verb;1
stroller;noun;3
mental;adjective;1
document;noun;2
arrival;noun;1
connection;noun;1
low;adjective;1
imagine;verb;1
pavement;noun;6
flautist;noun;5
play;noun;1
be;verb;1
clever;adjective;1
bitter;adjective;1
way;noun;1
wear;verb;1
material;noun;1
desire;noun;1
perspex;noun;2
someone;noun;1
belong;verb;1
comparison;noun;1
helpful;adjective;1
holiday;noun;2
decorate;verb;1
salad;noun;3
octopus;noun;2
farthest;adjective;1
increase;noun;1
probability;noun;1
nose;noun;1
bead;noun;1
capital;noun;1
involve;verb;1
bread;noun;1
shame;noun;1
bank;noun;1
unexpected;adjective;1
possession;noun;1
flu;noun;3
object;noun;1
soppy;adjective;3
politics;noun;1
caretaker;noun;2
fabric;noun;1
swim;noun;1
quantity;noun;1
life;noun;1
design;verb;1
brick;noun;1
cut;noun;2
support;verb;1
stockholder;noun;3
cooker;noun;4
fruit;noun;1
factorial;noun;1
presidency;noun;1
unsuitable;adjective;1
annoy;verb;1
air;noun;1
difference;noun;1
rise;noun;1
hipsters;noun;4
expect;verb;1
calcium;noun;2
suitable;adjective;1
drive;noun;1
money;noun;1
silly;adjective;2
upset;verb;1
war;noun;1
quickly;adverb;1
wed;noun;1
quick;adjective;1
cab;noun;3
temperature;noun;1
calculate;verb;1
too;adverb;1
hole;noun;1
bacteria;noun;1
entertainer;noun;1
income;noun;1
catch;verb;1
reality;noun;2
owner;noun;2
seed;noun;1
work;verb;1
firm;noun;1
prepare;verb;1
neutron;noun;1
airletter;noun;3
seat;noun;1
apartment;noun;1
successful;adjective;1
false;adjective;1
stupid;adjective;1
organ;noun;1
similarity;noun;2
answer;verb;1
cold;noun;1
tv;noun;1
sincere;adjective;1
tired;adjective;1
serious;adjective;1
decor;noun;1
fold;verb;1
bottom;adjective;2
nut;noun;1
success;noun;1
leather;noun;1
priest;noun;1
trailer;noun;3
hurt;noun;1
hospital;noun;1
leasehold;adjective;5
chloride;noun;1
pure;adjective;1
hear;verb;1
traditional;adjective;1
pronoun;noun;1
spent;adjective;3
annoyed;adjective;1
pained;adjective;1
power;noun;1
cornflor;noun;5
mainly;adverb;1
understanding;noun;1
characteristic;noun;1
patient;adjective;1
cord;noun;2
lung;noun;1
female;noun;1
length;noun;1
confusion;noun;1
theater;noun;1
blade;noun;1
shuttlecock;noun;5
lapwing;noun;10
acceptable;adjective;1
less;adverb;1
silvery;adjective;2
change;noun;1
feature;noun;1
throat;noun;1
woodchuck;noun;7
folding;adjective;2
magnet;noun;1
shape;verb;1
thick;adjective;1
podiatrist;noun;2
gradual;adjective;1
might;verb;1
set;verb;1
speak;verb;1
alcohol;noun;1
radio;noun;1
point;verb;1
treacle;noun;3
taste;verb;1
centigrade;noun;3
am;verb;1
need;noun;1
loud;adjective;1
elephant;noun;3
spell;noun;1
bird;noun;1
average;adjective;1
main;adjective;1
aerogramme;noun;3
public;noun;1
approve;verb;1
feather;noun;1
light;noun;1
wheat;noun;1
certainly;adverb;1
remark;noun;1
invent;verb;1
instruction;noun;1
lower;adjective;1
room;noun;1
unusual;adjective;1
instead;adverb;1
date;noun;2
deal;verb;1
north;adjective;6
inside;adverb;1
forward;adverb;1
friendly;adjective;1
flute;noun;4
feet;noun;1
difficulty;noun;1
rhyme;noun;1
cornstarch;noun;5
countryside;noun;1
phone;noun;1
group;noun;1
hate;verb;1
satisfaction;noun;1
yet;adverb;1
slide;verb;3
metal;noun;1
about;adverb;1
yard;noun;2
public;adjective;1
principle;noun;1
mother;noun;1
telephone;noun;1
attract;verb;1
monthly;adjective;1
carnival;noun;1
get;verb;1
mountain;noun;1
matter;noun;1
motorcycle;noun;1
christian;adjective;1
jawbreaker;noun;2
empire;noun;1
bowl;noun;1
washcloth;noun;3
import;noun;1
mushroom;noun;3
toilet;noun;4
sharp;adjective;1
drawer;noun;1
angle;noun;1
hate;noun;1
deeply;adverb;1
put;verb;1
neat;adjective;3
experience;noun;1
rhyme;verb;1
short;adjective;1
grammar;noun;1
run;verb;1
sew;verb;1
relate;verb;1
pregnant;adjective;3
mind;verb;1
tree;noun;1
proposal;noun;1
rest;verb;1
tusk;noun;3
evil;noun;1
disagree;verb;1
arrangement;noun;1
climber;noun;2
fasten;verb;1
doubt;verb;1
king;noun;1
roman;noun;1
fully;adverb;1
pump;noun;1
impatient;adjective;1
gain;verb;1
like;adjective;1
lodger;noun;3
single;adjective;1
restrict;verb;1
club;noun;1
depress;verb;1
receive;verb;1
mucus;noun;1
wine;noun;1
soil;noun;1
plural;noun;1
relax;verb;1
countryman;noun;2
nude;adjective;2
play;verb;1
bookshop;noun;2
tenon;noun;3
roomer;noun;3
bullet;noun;1
forest;noun;2
interest;noun;1
add;verb;1
cow;noun;1
up;adverb;1
lightweight;adjective;3
famous;adjective;2
uneven;adjective;3
government;noun;1
force;verb;1
mass;noun;1
stone;noun;1
title;noun;1
close;verb;1
year;noun;1
rock;noun;1
drop;verb;1
maybe;adverb;1
long;adjective;1
insanitary;adjective;2
secret;adjective;1
official;adjective;1
effectively;adverb;2
upright;adjective;1
excitable;adjective;1
unfair;adjective;1
shoulder;noun;1
doorjamb;noun;3
former;adjective;1
key;adjective;2
draughtboard;noun;5
police;noun;1
agreed;adjective;1
decide;verb;1
burst;verb;1
now;adverb;1
signature;noun;3
agree;verb;1
movie;noun;1
sensible;adjective;1
help;verb;1
burn;verb;1
suppose;verb;1
rubber;noun;1
backbone;noun;4
writing;noun;1
happiness;noun;1
teletypewriter;noun;5
communism;noun;1
mortise;noun;3
bath;noun;3
january;noun;4
bracket;noun;3
strange;adjective;1
oil;noun;1
guard;verb;1
curved;adjective;1
rope;noun;1
cliff;noun;2
man;verb;3
colourful;adjective;2
malicious;adjective;1
electronic;adjective;1
o;noun;1
improvement;noun;1
pattern;noun;1
approximate;adjective;1
basic;adjective;1
set;noun;1
informal;adjective;1
argue;verb;1
atom;noun;1
sea;noun;1
reply;verb;1
plan;verb;1
chance;noun;1
bile;noun;3
available;adjective;1
leaseholder;noun;5
beach;noun;1
rank;noun;1
active;adjective;1
spinal;adjective;3
emotional;adjective;1
light;verb;2
flower;noun;1
judaism;noun;1
zinc;noun;4
faith;noun;1
jaw;noun;2
fair;adjective;1
